Country,R0,Strategy,Social_distance,Deaths per week at trigger,total_pop,total_infected,total_deaths,total_hospital,peak_hospital_bed_demand,total_critical,peak_critical_bed_demand
Afghanistan,3,Unmitigated,0.75,N/A,38928341,36140196,76973,567916,240272,102693,39621
Albania,3,Unmitigated,0.75,N/A,2877800,2464424,19300,97298,36061,25569,8024
Algeria,3,Unmitigated,0.75,N/A,43851043,38824343,191145,1118956,459923,253553,90068
Angola,3,Unmitigated,0.75,N/A,32866268,30110663,57385,438605,183326,75970,29050
Antigua and Barbuda,3,Unmitigated,0.75,N/A,97928,84247,504,2795,1048,667,215
Argentina,3,Unmitigated,0.75,N/A,45195777,39126816,259966,1276885,489073,342159,110413
Armenia,3,Unmitigated,0.75,N/A,2963234,2603481,18054,95101,35775,24020,7685
Aruba,3,Unmitigated,0.75,N/A,106766,88963,737,3715,1396,981,310
Australia,3,Unmitigated,0.75,N/A,25499881,21991217,185236,881939,330675,244401,76396
Austria,3,Unmitigated,0.75,N/A,9006400,7559177,76313,350262,129800,100950,30976
Azerbaijan,3,Unmitigated,0.75,N/A,10139175,9102969,43606,276438,104967,57585,19143
Bahamas,3,Unmitigated,0.75,N/A,393248,340746,1789,10526,3943,2381,769
Bahrain,3,Unmitigated,0.75,N/A,1701583,1542640,4381,39064,15845,5837,2190
Bangladesh,3,Unmitigated,0.75,N/A,164689383,154022806,640815,3930633,1649241,850522,313157
Barbados,3,Unmitigated,0.75,N/A,287371,238847,2287,10319,3936,3034,951
Belarus,3,Unmitigated,0.75,N/A,9449321,8118548,68045,341478,126904,90009,28279
Belgium,3,Unmitigated,0.75,N/A,11589616,10305691,110545,489543,195265,146624,48557
Belize,3,Unmitigated,0.75,N/A,397621,353490,1316,8122,3134,1748,585
Benin,3,Unmitigated,0.75,N/A,12123198,11180031,28492,194397,81572,38086,14233
Bhutan,3,Unmitigated,0.75,N/A,771612,721036,3279,18912,7959,4366,1588
Bolivia,3,Unmitigated,0.75,N/A,11673029,10362045,49399,263020,102139,65645,21745
Bosnia and Herzegovina,3,Unmitigated,0.75,N/A,3280815,2778822,25239,124898,46051,33536,10404
Botswana,3,Unmitigated,0.75,N/A,2351625,2185830,7172,47521,19740,9495,3476
Brazil,3,Unmitigated,0.75,N/A,212559409,182791505,1102439,5975916,2248613,1465863,469512
Brunei Darussalam,3,Unmitigated,0.75,N/A,437483,397650,1785,12042,4969,2365,865
Bulgaria,3,Unmitigated,0.75,N/A,6948445,5813959,59835,276774,102010,79185,24336
Burkina Faso,3,Unmitigated,0.75,N/A,20903278,19217285,38156,291903,122046,50935,19354
Burundi,3,Unmitigated,0.75,N/A,11890781,10898277,21496,161782,67626,28486,10805
Cabo Verde,3,Unmitigated,0.75,N/A,555988,515151,2008,12581,5193,2647,962
Cambodia,3,Unmitigated,0.75,N/A,16718971,14764027,54949,365432,149919,72454,26304
Cameroon,3,Unmitigated,0.75,N/A,26545864,24484798,53694,395803,165183,70597,26637
Canada,3,Unmitigated,0.75,N/A,37742157,33067353,326322,1509416,588836,433148,140912
Central African Republic,3,Unmitigated,0.75,N/A,4829764,4459268,9953,69496,29236,13092,4958
Chad,3,Unmitigated,0.75,N/A,16425859,15039833,30223,217409,91537,39627,14974
Channel Islands,3,Unmitigated,0.75,N/A,173859,147500,1384,6554,2429,1835,568
Chile,3,Unmitigated,0.75,N/A,19116209,16207664,118765,592342,223725,157185,49782
China,3,Unmitigated,0.75,N/A,1439323774,1300804549,9890457,53821210,21549628,13123394,4531927
"Hong Kong SAR, China",3,Unmitigated,0.75,N/A,7496988,7034214,88802,383785,169089,117912,43311
"Macao SAR, China",3,Unmitigated,0.75,N/A,649342,587661,4685,25574,10239,6213,2144
"China, Taiwan Province of China",3,Unmitigated,0.75,N/A,23816775,21387957,212338,1025106,403488,280895,93378
Colombia,3,Unmitigated,0.75,N/A,50882884,44096507,252064,1364689,515744,333972,108414
Comoros,3,Unmitigated,0.75,N/A,869595,804559,2017,14523,6059,2678,1007
"Congo, Rep.",3,Unmitigated,0.75,N/A,5518092,5096722,11779,88504,36711,15512,5842
Costa Rica,3,Unmitigated,0.75,N/A,5094114,4365461,28049,147023,55398,37111,11835
Cote d'Ivoire,3,Unmitigated,0.75,N/A,26378275,24320357,55233,403555,168588,73470,27588
Croatia,3,Unmitigated,0.75,N/A,4105268,3424974,36127,162878,60312,47878,14662
Cuba,3,Unmitigated,0.75,N/A,11326616,9353709,86419,408509,154360,114722,36028
Curacao,3,Unmitigated,0.75,N/A,164100,136542,1328,6030,2311,1759,558
Cyprus,3,Unmitigated,0.75,N/A,1207361,1046888,8029,40519,15089,10657,3347
Czechia,3,Unmitigated,0.75,N/A,10708982,9050655,86700,411771,152187,114839,35369
"Korea, Dem. People’s Rep.",3,Unmitigated,0.75,N/A,25778815,23152081,157944,872256,350112,209599,72399
"Congo, Dem. Rep.",3,Unmitigated,0.75,N/A,89561404,82164295,194156,1322652,557103,255863,97031
Denmark,3,Unmitigated,0.75,N/A,5792203,4854981,48190,219266,81321,63846,19596
Djibouti,3,Unmitigated,0.75,N/A,988002,916137,3278,21705,8949,4335,1585
Dominican Republic,3,Unmitigated,0.75,N/A,10847904,9556193,47536,261450,100437,62769,20674
Ecuador,3,Unmitigated,0.75,N/A,17643060,15536231,76661,422481,162098,101482,33536
Egypt,3,Unmitigated,0.75,N/A,102334403,94671014,362330,2250129,936058,480573,175631
El Salvador,3,Unmitigated,0.75,N/A,6486201,5692694,30611,159333,61416,40371,13239
Equatorial Guinea,3,Unmitigated,0.75,N/A,1402985,1287098,2608,21009,8630,3426,1292
Eritrea,3,Unmitigated,0.75,N/A,3546427,3291069,10340,62547,26480,13680,5099
Estonia,3,Unmitigated,0.75,N/A,1326539,1116452,11444,50954,19039,15137,4693
Eswatini,3,Unmitigated,0.75,N/A,1160164,1079088,3148,19901,8419,4141,1545
Ethiopia,3,Unmitigated,0.75,N/A,114963583,106264340,281678,1863037,784029,375529,138813
Fiji,3,Unmitigated,0.75,N/A,896444,799467,3494,22692,9292,4650,1672
Finland,3,Unmitigated,0.75,N/A,5540718,4662980,46008,215475,80614,61080,19032
France,3,Unmitigated,0.75,N/A,65273512,59173552,731625,2987758,1233274,967239,328557
French Guiana,3,Unmitigated,0.75,N/A,298682,265602,1016,6420,2455,1342,449
French Polynesia,3,Unmitigated,0.75,N/A,280904,253877,1582,8948,3624,2093,734
Gabon,3,Unmitigated,0.75,N/A,2225728,2051004,5726,39934,16536,7602,2805
Gambia,3,Unmitigated,0.75,N/A,2416664,2216662,4520,33958,14166,6071,2287
Georgia,3,Unmitigated,0.75,N/A,3989175,3450187,27941,137794,51619,37006,11652
Germany,3,Unmitigated,0.75,N/A,83783945,73426368,884373,3801734,1502309,1173591,383550
Ghana,3,Unmitigated,0.75,N/A,31072945,28768770,74174,549719,227892,98691,36866
Greece,3,Unmitigated,0.75,N/A,10423056,8671791,99000,426451,159009,131442,40171
Grenada,3,Unmitigated,0.75,N/A,112519,97147,600,3139,1187,795,255
Guadeloupe,3,Unmitigated,0.75,N/A,400127,330901,3553,15188,5912,4687,1500
Guam,3,Unmitigated,0.75,N/A,168783,150254,1037,5385,2150,1374,468
Guatemala,3,Unmitigated,0.75,N/A,17915567,16036279,56167,332414,130238,74486,25443
Guinea,3,Unmitigated,0.75,N/A,13132792,12096855,27353,193090,81113,36354,13698
Guinea-Bissau,3,Unmitigated,0.75,N/A,1967998,1815401,4019,29699,12375,5308,2001
Guyana,3,Unmitigated,0.75,N/A,786559,694407,3268,18666,7151,4338,1434
Haiti,3,Unmitigated,0.75,N/A,11402533,10191506,36299,223219,86669,48189,16339
Honduras,3,Unmitigated,0.75,N/A,9904608,8840695,31599,193064,75205,41866,14151
Hungary,3,Unmitigated,0.75,N/A,9660350,8118426,78816,371119,136791,104324,32001
Iceland,3,Unmitigated,0.75,N/A,341250,294670,2404,11685,4366,3189,1000
India,3,Unmitigated,0.75,N/A,1380004385,1292426271,6022132,35894328,15063300,7972354,2927196
Indonesia,3,Unmitigated,0.75,N/A,273523621,246077180,1168219,7335507,3004233,1543439,557510
Iran (Islamic Republic of),3,Unmitigated,0.75,N/A,83992953,75590529,370783,2308836,948251,491258,176276
Iraq,3,Unmitigated,0.75,N/A,40222503,34816936,97226,691907,286326,129689,48168
Ireland,3,Unmitigated,0.75,N/A,4937796,4328022,32931,165610,62398,43562,13801
Israel,3,Unmitigated,0.75,N/A,8655541,7641595,49634,246470,94142,65738,21166
Italy,3,Unmitigated,0.75,N/A,60461828,50281111,609676,2625555,972831,809681,246249
Jamaica,3,Unmitigated,0.75,N/A,2961161,2572026,14943,79224,30126,19766,6380
Japan,3,Unmitigated,0.75,N/A,126476458,101788506,1381819,5521836,2066796,1831537,553056
Jordan,3,Unmitigated,0.75,N/A,10203140,9055930,29975,204044,84956,39679,14619
Kazakhstan,3,Unmitigated,0.75,N/A,18776707,16853130,84127,495929,190161,111507,36969
Kenya,3,Unmitigated,0.75,N/A,53771300,49869539,105459,827374,342728,140351,52863
Kiribati,3,Unmitigated,0.75,N/A,119446,104380,358,2420,996,474,173
Kuwait,3,Unmitigated,0.75,N/A,4270563,3863804,12946,114726,45941,17099,6215
Kyrgyz Republic,3,Unmitigated,0.75,N/A,6524191,5900037,20851,139409,54562,27473,9506
Lao PDR,3,Unmitigated,0.75,N/A,7275556,6426976,21991,148444,61392,28777,10601
Latvia,3,Unmitigated,0.75,N/A,1886202,1573512,16431,74056,27507,21747,6706
Lebanon,3,Unmitigated,0.75,N/A,6825442,6131042,33325,190274,77851,44194,15657
Lesotho,3,Unmitigated,0.75,N/A,2142252,1988339,7132,44473,18543,9493,3479
Liberia,3,Unmitigated,0.75,N/A,5057677,4681087,12091,83929,35050,16065,6009
Libya,3,Unmitigated,0.75,N/A,6871287,6184603,23441,160972,66789,30934,11397
Lithuania,3,Unmitigated,0.75,N/A,2722291,2260352,24248,107806,40145,32092,9871
Luxembourg,3,Unmitigated,0.75,N/A,625976,545553,4325,21993,8322,5719,1839
Madagascar,3,Unmitigated,0.75,N/A,27691019,25585584,63480,447454,187086,84096,31356
Malawi,3,Unmitigated,0.75,N/A,19129955,17651581,37367,272012,114232,49573,18738
Malaysia,3,Unmitigated,0.75,N/A,32365998,29147233,148280,885796,362321,196478,70275
Maldives,3,Unmitigated,0.75,N/A,540542,493928,1623,11531,4723,2149,796
Mali,3,Unmitigated,0.75,N/A,20250834,18557804,36576,270505,113207,48639,18536
Malta,3,Unmitigated,0.75,N/A,441539,369237,3772,17199,6349,5008,1535
Martinique,3,Unmitigated,0.75,N/A,375265,304393,3678,15295,5953,4885,1546
Mauritania,3,Unmitigated,0.75,N/A,4649660,4294210,10929,77719,32302,14518,5427
Mauritius,3,Unmitigated,0.75,N/A,1271767,1152776,9130,46371,18983,12031,4193
Mayotte,3,Unmitigated,0.75,N/A,272813,253417,811,4967,2095,1073,395
Mexico,3,Unmitigated,0.75,N/A,128932753,113215128,567846,3186360,1216236,754360,246848
Micronesia (Fed. States of),3,Unmitigated,0.75,N/A,115021,101212,342,2437,992,452,164
Mongolia,3,Unmitigated,0.75,N/A,3278292,2910923,10970,76238,31598,14496,5390
Montenegro,3,Unmitigated,0.75,N/A,628062,541238,4386,21856,8138,5817,1835
Morocco,3,Unmitigated,0.75,N/A,36910558,33007185,177366,1027568,418234,235102,82813
Mozambique,3,Unmitigated,0.75,N/A,31255435,28765983,64288,450800,189972,84882,32113
Myanmar,3,Unmitigated,0.75,N/A,54409794,48995734,224280,1426350,585376,296811,107239
Namibia,3,Unmitigated,0.75,N/A,2540916,2352352,6679,45192,18841,8876,3289
Nepal,3,Unmitigated,0.75,N/A,29136808,27306425,111877,668977,282618,147773,54748
Netherlands,3,Unmitigated,0.75,N/A,17134873,14365190,144137,659956,245262,191297,58804
New Caledonia,3,Unmitigated,0.75,N/A,285491,257682,1661,9209,3720,2206,769
New Zealand,3,Unmitigated,0.75,N/A,4822233,4135860,34945,167724,62678,46380,14482
Nicaragua,3,Unmitigated,0.75,N/A,6624554,5880597,23524,141121,54323,31231,10448
Niger,3,Unmitigated,0.75,N/A,24206636,22040235,44518,317948,134026,59161,22510
Nigeria,3,Unmitigated,0.75,N/A,206139587,189732638,413526,3104658,1295587,547352,207005
North Macedonia,3,Unmitigated,0.75,N/A,2083380,1805547,13626,72260,26683,18032,5697
Norway,3,Unmitigated,0.75,N/A,5421242,4633217,41268,195366,72851,54643,16989
Oman,3,Unmitigated,0.75,N/A,5106622,4531573,11870,103083,41805,15723,5884
Pakistan,3,Unmitigated,0.75,N/A,220892331,206813615,691824,4403621,1864806,917211,343609
Panama,3,Unmitigated,0.75,N/A,4314768,3780459,20801,110940,42418,27655,9035
Papua New Guinea,3,Unmitigated,0.75,N/A,8947027,7827395,22930,169143,69848,30529,11297
Paraguay,3,Unmitigated,0.75,N/A,7132530,6308582,27638,157099,60631,36816,12199
Peru,3,Unmitigated,0.75,N/A,32971846,28675674,157650,861401,326720,210209,67965
Philippines,3,Unmitigated,0.75,N/A,109581085,97582964,405302,2548034,1050472,537561,194819
Poland,3,Unmitigated,0.75,N/A,37846605,32122997,297828,1445691,551940,395737,126362
Portugal,3,Unmitigated,0.75,N/A,10196707,8431162,95850,419676,155409,127172,38866
Puerto Rico,3,Unmitigated,0.75,N/A,2860840,2325498,26307,112170,43734,35035,11151
Qatar,3,Unmitigated,0.75,N/A,2881060,2598643,5795,62542,24347,7693,2743
"Korea, Rep.",3,Unmitigated,0.75,N/A,51269183,43595642,380712,1950636,714282,505263,156081
Moldova,3,Unmitigated,0.75,N/A,4033963,3523427,24013,134447,49890,31935,10184
Réunion,3,Unmitigated,0.75,N/A,895308,766270,5735,28282,10821,7621,2455
Romania,3,Unmitigated,0.75,N/A,19237682,16283637,154904,731837,271767,205971,63579
Russian Federation,3,Unmitigated,0.75,N/A,145934460,126202684,1044154,5210604,1944898,1385319,436235
Rwanda,3,Unmitigated,0.75,N/A,12952209,11987296,29846,214305,89250,39441,14831
St. Lucia,3,Unmitigated,0.75,N/A,183629,155980,1030,5398,2026,1366,436
St. Vincent and the Grenadines,3,Unmitigated,0.75,N/A,110947,95776,605,3164,1200,801,259
Samoa,3,Unmitigated,0.75,N/A,198410,172083,681,4221,1732,899,324
Sao Tome and Principe,3,Unmitigated,0.75,N/A,219161,203133,511,3529,1482,674,252
Saudi Arabia,3,Unmitigated,0.75,N/A,34813867,31434568,103202,822986,340586,137024,51551
Senegal,3,Unmitigated,0.75,N/A,16743930,15447748,37292,259076,108551,49324,18431
Serbia,3,Unmitigated,0.75,N/A,8737370,7405560,67524,323990,119850,89481,27648
Seychelles,3,Unmitigated,0.75,N/A,98340,89831,539,3031,1240,714,252
Sierra Leone,3,Unmitigated,0.75,N/A,7976985,7378611,17280,124770,52121,22779,8564
Singapore,3,Unmitigated,0.75,N/A,5850343,5476249,49923,258746,111912,66099,24426
Slovakia,3,Unmitigated,0.75,N/A,5459643,4682682,39403,199810,73655,52307,16293
Slovenia,3,Unmitigated,0.75,N/A,2078932,1742828,18053,82852,30670,23949,7369
Solomon Islands,3,Unmitigated,0.75,N/A,686878,589862,1799,12101,5035,2390,883
Somalia,3,Unmitigated,0.75,N/A,15893219,14564497,32737,223862,94340,43168,16348
South Africa,3,Unmitigated,0.75,N/A,59308690,53021201,217343,1406692,578915,288338,104612
South Sudan,3,Unmitigated,0.75,N/A,11193729,10332593,26854,180560,75753,35587,13394
Spain,3,Unmitigated,0.75,N/A,46754783,39331479,410968,1865322,693130,545853,167803
Sri Lanka,3,Unmitigated,0.75,N/A,21413250,19841593,138452,721203,299722,183192,64747
State of Palestine,3,Unmitigated,0.75,N/A,5101416,4395175,12013,85259,35359,16026,5942
Sudan,3,Unmitigated,0.75,N/A,43849269,40589416,113695,751642,315495,150596,56112
Suriname,3,Unmitigated,0.75,N/A,586634,515898,2505,14476,5523,3321,1095
Sweden,3,Unmitigated,0.75,N/A,10099270,8496869,84777,379197,141485,112952,34845
Switzerland,3,Unmitigated,0.75,N/A,8654618,7294512,72337,334363,123764,95906,29353
Syrian Arab Republic,3,Unmitigated,0.75,N/A,17500657,16243203,59077,376968,156189,78343,28623
Tajikistan,3,Unmitigated,0.75,N/A,9537642,8607513,23073,170117,67199,30722,10873
Thailand,3,Unmitigated,0.75,N/A,69799978,62828210,536081,2720705,1079038,707576,239456
Timor-Leste,3,Unmitigated,0.75,N/A,1318442,1134428,3842,24366,9988,5065,1823
Togo,3,Unmitigated,0.75,N/A,8278737,7656800,17559,131333,54802,23439,8813
Tonga,3,Unmitigated,0.75,N/A,105697,92665,403,2346,960,535,190
Trinidad and Tobago,3,Unmitigated,0.75,N/A,1399491,1189922,8150,43011,16157,10783,3432
Tunisia,3,Unmitigated,0.75,N/A,11818618,10829721,65681,359179,147277,87060,30688
Turkey,3,Unmitigated,0.75,N/A,84339067,75638628,405452,2321985,886555,538771,177357
Turkmenistan,3,Unmitigated,0.75,N/A,6031187,5466961,19367,131528,51424,25651,8855
Uganda,3,Unmitigated,0.75,N/A,45741000,41902539,71610,572142,239347,95681,36570
Ukraine,3,Unmitigated,0.75,N/A,43733759,37537514,328913,1620489,600963,438024,136218
United Arab Emirates,3,Unmitigated,0.75,N/A,9890400,8900753,18606,209171,80858,24647,8822
United Kingdom,3,Unmitigated,0.75,N/A,67886004,59462912,601823,2683313,1054670,796883,259936
Tanzania,3,Unmitigated,0.75,N/A,59734213,54993789,118017,876453,365633,156898,59504
United States,3,Unmitigated,0.75,N/A,331002647,293011173,2654410,12452700,4896026,3526519,1158327
United States Virgin Islands,3,Unmitigated,0.75,N/A,104423,86386,906,3982,1542,1203,383
Uruguay,3,Unmitigated,0.75,N/A,3473727,2939850,25683,113846,43823,33991,10775
Uzbekistan,3,Unmitigated,0.75,N/A,33469199,30264963,108671,748181,290785,144635,49554
Vanuatu,3,Unmitigated,0.75,N/A,307150,266284,810,5594,2322,1075,400
Venezuela (Bolivarian Republic of),3,Unmitigated,0.75,N/A,28435943,25059281,128323,721896,276487,170283,56027
Vietnam,3,Unmitigated,0.75,N/A,97338583,87684406,517491,2938204,1200642,688330,242573
Western Sahara,3,Unmitigated,0.75,N/A,597330,551289,1634,12736,5146,2145,788
Yemen,3,Unmitigated,0.75,N/A,29825968,27588973,64276,464007,193408,85061,31918
Zambia,3,Unmitigated,0.75,N/A,18383956,16904019,30969,242707,101116,41261,15592
Zimbabwe,3,Unmitigated,0.75,N/A,14862927,13767424,32726,227962,95738,43543,16371
Afghanistan,3,"0.2 deaths per 100,000 per week trigger",0.75,77.856682,38928341,2356700,7208,46011,13428,9773,2635
Albania,3,"0.2 deaths per 100,000 per week trigger",0.75,5.7556,2877800,265461,1108,6952,2154,1461,407
Algeria,3,"0.2 deaths per 100,000 per week trigger",0.75,87.702086,43851043,2492642,10318,69364,19733,13988,3637
Angola,3,"0.2 deaths per 100,000 per week trigger",0.75,65.732536,32866268,3071870,7498,51736,15298,10029,2682
Antigua and Barbuda,3,"0.2 deaths per 100,000 per week trigger",0.75,0.195856,97928,5533,21,122,35,27,7
Argentina,3,"0.2 deaths per 100,000 per week trigger",0.75,90.391554,45195777,3687144,14481,80469,24605,19730,5435
Armenia,3,"0.2 deaths per 100,000 per week trigger",0.75,5.926468,2963234,240499,876,5946,1774,1183,327
Aruba,3,"0.2 deaths per 100,000 per week trigger",0.75,0.213532,106766,5844,29,158,47,38,10
Australia,3,"0.2 deaths per 100,000 per week trigger",0.75,50.999762,25499881,1653688,6882,42721,12571,9146,2459
Austria,3,"0.2 deaths per 100,000 per week trigger",0.75,18.0128,9006400,705814,3493,20782,6386,4844,1323
Azerbaijan,3,"0.2 deaths per 100,000 per week trigger",0.75,20.27835,10139175,1047257,3236,23959,7297,4257,1193
Bahamas,3,"0.2 deaths per 100,000 per week trigger",0.75,0.786496,393248,26871,90,565,170,121,33
Bahrain,3,"0.2 deaths per 100,000 per week trigger",0.75,3.403166,1701583,154004,568,4458,1335,772,217
Bangladesh,3,"0.2 deaths per 100,000 per week trigger",0.75,329.378766,164689383,12435481,52141,309764,90867,69062,17358
Barbados,3,"0.2 deaths per 100,000 per week trigger",0.75,0.574742,287371,14296,83,398,119,108,28
Belarus,3,"0.2 deaths per 100,000 per week trigger",0.75,18.898642,9449321,445504,1864,12121,3406,2574,644
Belgium,3,"0.2 deaths per 100,000 per week trigger",0.75,23.179232,11589616,443856,2834,15709,4419,3770,980
Belize,3,"0.2 deaths per 100,000 per week trigger",0.75,0.795242,397621,42732,114,736,230,151,42
Benin,3,"0.2 deaths per 100,000 per week trigger",0.75,24.246396,12123198,1170030,3340,21847,6589,4458,1232
Bhutan,3,"0.2 deaths per 100,000 per week trigger",0.75,1.543224,771612,63003,278,1575,460,364,95
Bolivia,3,"0.2 deaths per 100,000 per week trigger",0.75,23.346058,11673029,808289,2401,14497,4265,3279,888
Bosnia and Herzegovina,3,"0.2 deaths per 100,000 per week trigger",0.75,6.56163,3280815,151655,685,4267,1208,919,237
Botswana,3,"0.2 deaths per 100,000 per week trigger",0.75,4.70325,2351625,183308,604,3833,1117,798,215
Brazil,3,"0.2 deaths per 100,000 per week trigger",0.75,425.118818,212559409,11457197,44212,250182,72398,57423,15432
Brunei Darussalam,3,"0.2 deaths per 100,000 per week trigger",0.75,0.874966,437483,30777,129,902,258,173,46
Bulgaria,3,"0.2 deaths per 100,000 per week trigger",0.75,13.89689,6948445,360375,1764,10607,3112,2414,651
Burkina Faso,3,"0.2 deaths per 100,000 per week trigger",0.75,41.806556,20903278,1425866,3570,24747,7083,4818,1243
Burundi,3,"0.2 deaths per 100,000 per week trigger",0.75,23.781562,11890781,1184813,3005,20484,6234,3923,1062
Cabo Verde,3,"0.2 deaths per 100,000 per week trigger",0.75,1.111976,555988,38566,142,877,254,189,48
Cambodia,3,"0.2 deaths per 100,000 per week trigger",0.75,33.437942,16718971,1109183,4116,29104,8344,5480,1510
Cameroon,3,"0.2 deaths per 100,000 per week trigger",0.75,53.091728,26545864,2488091,6570,44774,13526,8637,2422
Canada,3,"0.2 deaths per 100,000 per week trigger",0.75,75.484314,37742157,1462914,8143,45625,13023,10598,2740
Central African Republic,3,"0.2 deaths per 100,000 per week trigger",0.75,9.659528,4829764,462645,1242,8117,2433,1597,433
Chad,3,"0.2 deaths per 100,000 per week trigger",0.75,32.851718,16425859,1965297,4915,33291,10422,6606,1928
Channel Islands,3,"0.2 deaths per 100,000 per week trigger",0.75,0.347718,173859,14046,67,395,120,87,24
Chile,3,"0.2 deaths per 100,000 per week trigger",0.75,38.232418,19116209,1303428,5733,31399,9571,7610,2052
China,3,"0.2 deaths per 100,000 per week trigger",0.75,2878.647548,1439323774,43323214,219209,1445585,397037,301466,74053
"Hong Kong SAR, China",3,"0.2 deaths per 100,000 per week trigger",0.75,14.993976,7496988,206314,2417,10841,3103,3265,813
"Macao SAR, China",3,"0.2 deaths per 100,000 per week trigger",0.75,1.298684,649342,37169,201,1291,369,269,69
"China, Taiwan Province of China",3,"0.2 deaths per 100,000 per week trigger",0.75,47.63355,23816775,928287,5485,32690,8987,7126,1739
Colombia,3,"0.2 deaths per 100,000 per week trigger",0.75,101.765768,50882884,3111145,11166,64766,18982,14603,3737
Comoros,3,"0.2 deaths per 100,000 per week trigger",0.75,1.73919,869595,52657,147,1000,285,193,51
"Congo, Rep.",3,"0.2 deaths per 100,000 per week trigger",0.75,11.036184,5518092,690619,1864,12887,4018,2483,715
Costa Rica,3,"0.2 deaths per 100,000 per week trigger",0.75,10.188228,5094114,267395,1024,6020,1778,1425,378
Cote d'Ivoire,3,"0.2 deaths per 100,000 per week trigger",0.75,52.75655,26378275,1992505,5390,36328,10623,7126,1927
Croatia,3,"0.2 deaths per 100,000 per week trigger",0.75,8.210536,4105268,152837,760,4416,1302,1038,281
Cuba,3,"0.2 deaths per 100,000 per week trigger",0.75,22.653232,11326616,600215,3331,17219,5240,4476,1224
Curacao,3,"0.2 deaths per 100,000 per week trigger",0.75,0.3282,164100,7051,40,198,58,53,14
Cyprus,3,"0.2 deaths per 100,000 per week trigger",0.75,2.414722,1207361,81404,327,2069,621,432,119
Czechia,3,"0.2 deaths per 100,000 per week trigger",0.75,21.417964,10708982,845363,4013,24319,7369,5356,1439
"Korea, Dem. People’s Rep.",3,"0.2 deaths per 100,000 per week trigger",0.75,51.55763,25778815,1525316,7350,47864,13646,9729,2482
"Congo, Dem. Rep.",3,"0.2 deaths per 100,000 per week trigger",0.75,179.122808,89561404,9608461,26506,171344,52196,35292,10103
Denmark,3,"0.2 deaths per 100,000 per week trigger",0.75,11.584406,5792203,279819,1335,7792,2234,1777,462
Djibouti,3,"0.2 deaths per 100,000 per week trigger",0.75,1.976004,988002,97837,331,2177,662,442,124
Dominican Republic,3,"0.2 deaths per 100,000 per week trigger",0.75,21.695808,10847904,936302,2994,17867,5439,3987,1103
Ecuador,3,"0.2 deaths per 100,000 per week trigger",0.75,35.28612,17643060,1418198,4486,26963,8259,5868,1653
Egypt,3,"0.2 deaths per 100,000 per week trigger",0.75,204.668806,102334403,7296397,26428,164636,48159,35142,9231
El Salvador,3,"0.2 deaths per 100,000 per week trigger",0.75,12.972402,6486201,733049,2483,14392,4655,3349,943
Equatorial Guinea,3,"0.2 deaths per 100,000 per week trigger",0.75,2.80597,1402985,129217,334,2365,699,439,120
Eritrea,3,"0.2 deaths per 100,000 per week trigger",0.75,7.092854,3546427,172518,554,3377,959,733,191
Estonia,3,"0.2 deaths per 100,000 per week trigger",0.75,2.653078,1326539,76776,382,2171,641,511,132
Eswatini,3,"0.2 deaths per 100,000 per week trigger",0.75,2.320328,1160164,101459,314,1963,575,415,113
Ethiopia,3,"0.2 deaths per 100,000 per week trigger",0.75,229.927166,114963583,8886668,25562,167508,48946,34794,9375
Fiji,3,"0.2 deaths per 100,000 per week trigger",0.75,1.792888,896444,50580,203,1397,399,267,70
Finland,3,"0.2 deaths per 100,000 per week trigger",0.75,11.081436,5540718,271929,1329,8336,2389,1781,458
France,3,"0.2 deaths per 100,000 per week trigger",0.75,130.547024,65273512,2765828,21517,108207,30894,29128,7317
French Guiana,3,"0.2 deaths per 100,000 per week trigger",0.75,0.597364,298682,44694,122,807,270,163,49
French Polynesia,3,"0.2 deaths per 100,000 per week trigger",0.75,0.561808,280904,19420,92,587,170,119,32
Gabon,3,"0.2 deaths per 100,000 per week trigger",0.75,4.451456,2225728,137700,416,2771,783,552,142
Gambia,3,"0.2 deaths per 100,000 per week trigger",0.75,4.833328,2416664,231794,602,4055,1214,775,219
Georgia,3,"0.2 deaths per 100,000 per week trigger",0.75,7.97835,3989175,327649,1371,8578,2579,1820,509
Germany,3,"0.2 deaths per 100,000 per week trigger",0.75,167.56789,83783945,3266137,22571,119882,33878,29014,7587
Ghana,3,"0.2 deaths per 100,000 per week trigger",0.75,62.14589,31072945,2554925,7260,50368,14760,9743,2680
Greece,3,"0.2 deaths per 100,000 per week trigger",0.75,20.846112,10423056,634950,3451,19408,5776,4664,1269
Grenada,3,"0.2 deaths per 100,000 per week trigger",0.75,0.225038,112519,7649,29,165,50,38,11
Guadeloupe,3,"0.2 deaths per 100,000 per week trigger",0.75,0.800254,400127,19589,122,565,169,160,43
Guam,3,"0.2 deaths per 100,000 per week trigger",0.75,0.337566,168783,6947,33,205,58,42,11
Guatemala,3,"0.2 deaths per 100,000 per week trigger",0.75,35.831134,17915567,1751609,4546,28109,8513,5923,1646
Guinea,3,"0.2 deaths per 100,000 per week trigger",0.75,26.265584,13132792,1503365,4093,26674,8327,5349,1542
Guinea-Bissau,3,"0.2 deaths per 100,000 per week trigger",0.75,3.935996,1967998,179138,482,3257,975,640,175
Guyana,3,"0.2 deaths per 100,000 per week trigger",0.75,1.573118,786559,72118,217,1365,417,292,81
Haiti,3,"0.2 deaths per 100,000 per week trigger",0.75,22.805066,11402533,1157945,2964,19275,5942,3954,1100
Honduras,3,"0.2 deaths per 100,000 per week trigger",0.75,19.809216,9904608,1257000,3334,21041,6770,4395,1325
Hungary,3,"0.2 deaths per 100,000 per week trigger",0.75,19.3207,9660350,953786,4702,27799,8812,6220,1785
Iceland,3,"0.2 deaths per 100,000 per week trigger",0.75,0.6825,341250,22461,94,570,169,122,33
India,3,"0.2 deaths per 100,000 per week trigger",0.75,2760.00877,1380004385,73837342,325819,1907028,555521,430975,115920
Indonesia,3,"0.2 deaths per 100,000 per week trigger",0.75,547.047242,273523621,14016991,58302,402381,111762,76764,19065
Iran (Islamic Republic of),3,"0.2 deaths per 100,000 per week trigger",0.75,167.985906,83992953,5079751,22115,150053,42954,29259,7790
Iraq,3,"0.2 deaths per 100,000 per week trigger",0.75,80.445006,40222503,3532588,11421,82975,24962,15417,4332
Ireland,3,"0.2 deaths per 100,000 per week trigger",0.75,9.875592,4937796,268824,1055,6656,1911,1366,355
Israel,3,"0.2 deaths per 100,000 per week trigger",0.75,17.311082,8655541,726102,2546,16312,4883,3437,914
Italy,3,"0.2 deaths per 100,000 per week trigger",0.75,120.923656,60461828,2312595,15031,78619,22779,19414,5142
Jamaica,3,"0.2 deaths per 100,000 per week trigger",0.75,5.922322,2961161,216973,781,4562,1370,1053,286
Japan,3,"0.2 deaths per 100,000 per week trigger",0.75,252.952916,126476458,4858106,30506,154225,44646,40238,10232
Jordan,3,"0.2 deaths per 100,000 per week trigger",0.75,20.40628,10203140,827991,2952,20763,6153,3889,1067
Kazakhstan,3,"0.2 deaths per 100,000 per week trigger",0.75,37.553414,18776707,2026180,6159,44972,13885,8498,2425
Kenya,3,"0.2 deaths per 100,000 per week trigger",0.75,107.5426,53771300,4757910,12421,86480,25633,16699,4511
Kiribati,3,"0.2 deaths per 100,000 per week trigger",0.75,0.238892,119446,8630,31,217,63,40,10
Kuwait,3,"0.2 deaths per 100,000 per week trigger",0.75,8.541126,4270563,189252,786,5930,1667,1049,273
Kyrgyz Republic,3,"0.2 deaths per 100,000 per week trigger",0.75,13.048382,6524191,737551,1944,14494,4474,2630,746
Lao PDR,3,"0.2 deaths per 100,000 per week trigger",0.75,14.551112,7275556,614707,2257,15693,4659,2866,790
Latvia,3,"0.2 deaths per 100,000 per week trigger",0.75,3.772404,1886202,110624,561,3245,975,770,208
Lebanon,3,"0.2 deaths per 100,000 per week trigger",0.75,13.650884,6825442,410756,1731,11626,3267,2319,613
Lesotho,3,"0.2 deaths per 100,000 per week trigger",0.75,4.284504,2142252,143559,497,3102,898,657,172
Liberia,3,"0.2 deaths per 100,000 per week trigger",0.75,10.115354,5057677,575509,1662,10827,3340,2202,602
Libya,3,"0.2 deaths per 100,000 per week trigger",0.75,13.742574,6871287,359546,1400,9903,2825,1867,485
Lithuania,3,"0.2 deaths per 100,000 per week trigger",0.75,5.444582,2722291,69988,353,2048,577,491,123
Luxembourg,3,"0.2 deaths per 100,000 per week trigger",0.75,1.251952,625976,40120,167,1118,327,223,61
Madagascar,3,"0.2 deaths per 100,000 per week trigger",0.75,55.382038,27691019,3037565,8563,56902,17553,11357,3193
Malawi,3,"0.2 deaths per 100,000 per week trigger",0.75,38.25991,19129955,1997126,5118,34767,10490,6843,1918
Malaysia,3,"0.2 deaths per 100,000 per week trigger",0.75,64.731996,32365998,1815886,7459,51485,14602,10053,2570
Maldives,3,"0.2 deaths per 100,000 per week trigger",0.75,1.081084,540542,47105,174,1123,337,237,64
Mali,3,"0.2 deaths per 100,000 per week trigger",0.75,40.501668,20250834,2111796,5245,35528,10824,7047,1941
Malta,3,"0.2 deaths per 100,000 per week trigger",0.75,0.883078,441539,23586,117,690,203,158,43
Martinique,3,"0.2 deaths per 100,000 per week trigger",0.75,0.75053,375265,8969,63,284,81,82,20
Mauritania,3,"0.2 deaths per 100,000 per week trigger",0.75,9.29932,4649660,362912,1058,6931,2014,1410,372
Mauritius,3,"0.2 deaths per 100,000 per week trigger",0.75,2.543534,1271767,70047,437,2286,655,572,145
Mayotte,3,"0.2 deaths per 100,000 per week trigger",0.75,0.545626,272813,15779,53,317,89,69,17
Mexico,3,"0.2 deaths per 100,000 per week trigger",0.75,257.865506,128932753,9610873,30280,188313,56653,40569,11230
Micronesia (Fed. States of),3,"0.2 deaths per 100,000 per week trigger",0.75,0.230042,115021,7468,27,192,55,35,9
Mongolia,3,"0.2 deaths per 100,000 per week trigger",0.75,6.556584,3278292,230730,933,6360,1844,1187,319
Montenegro,3,"0.2 deaths per 100,000 per week trigger",0.75,1.256124,628062,50183,211,1322,398,280,78
Morocco,3,"0.2 deaths per 100,000 per week trigger",0.75,73.821116,36910558,1781274,7301,50495,14000,9796,2549
Mozambique,3,"0.2 deaths per 100,000 per week trigger",0.75,62.51087,31255435,3426897,9088,60387,18624,12258,3527
Myanmar,3,"0.2 deaths per 100,000 per week trigger",0.75,108.819588,54409794,3830050,15654,108069,30899,20793,5444
Namibia,3,"0.2 deaths per 100,000 per week trigger",0.75,5.081832,2540916,252679,762,4986,1513,1029,282
Nepal,3,"0.2 deaths per 100,000 per week trigger",0.75,58.273616,29136808,2329717,9474,56327,16446,12632,3294
Netherlands,3,"0.2 deaths per 100,000 per week trigger",0.75,34.269746,17134873,683884,3293,19461,5565,4400,1135
New Caledonia,3,"0.2 deaths per 100,000 per week trigger",0.75,0.570982,285491,22919,106,700,207,144,39
New Zealand,3,"0.2 deaths per 100,000 per week trigger",0.75,9.644466,4822233,275888,1179,7229,2113,1568,421
Nicaragua,3,"0.2 deaths per 100,000 per week trigger",0.75,13.249108,6624554,729773,2025,12824,4067,2659,757
Niger,3,"0.2 deaths per 100,000 per week trigger",0.75,48.413272,24206636,2324664,5788,38892,11875,7769,2177
Nigeria,3,"0.2 deaths per 100,000 per week trigger",0.75,412.279174,206139587,21276955,55101,381801,115345,73035,20325
North Macedonia,3,"0.2 deaths per 100,000 per week trigger",0.75,4.16676,2083380,162610,649,4294,1310,871,239
Norway,3,"0.2 deaths per 100,000 per week trigger",0.75,10.842484,5421242,316775,1435,8422,2473,1829,482
Oman,3,"0.2 deaths per 100,000 per week trigger",0.75,10.213244,5106622,296665,1066,8119,2343,1394,369
Pakistan,3,"0.2 deaths per 100,000 per week trigger",0.75,441.784662,220892331,19380541,73115,434109,130779,95348,26032
Panama,3,"0.2 deaths per 100,000 per week trigger",0.75,8.629536,4314768,308201,1059,6155,1844,1402,379
Papua New Guinea,3,"0.2 deaths per 100,000 per week trigger",0.75,17.894054,8947027,881597,2982,21592,6576,3931,1099
Paraguay,3,"0.2 deaths per 100,000 per week trigger",0.75,14.26506,7132530,450072,1289,7993,2295,1699,430
Peru,3,"0.2 deaths per 100,000 per week trigger",0.75,65.943692,32971846,2833164,9730,58124,18167,12965,3620
Philippines,3,"0.2 deaths per 100,000 per week trigger",0.75,219.16217,109581085,4994311,18842,132434,36480,25379,6580
Poland,3,"0.2 deaths per 100,000 per week trigger",0.75,75.69321,37846605,1377467,6867,42434,12084,9320,2354
Portugal,3,"0.2 deaths per 100,000 per week trigger",0.75,20.393414,10196707,698261,3816,21390,6455,5138,1365
Puerto Rico,3,"0.2 deaths per 100,000 per week trigger",0.75,5.72168,2860840,145927,987,4515,1371,1306,347
Qatar,3,"0.2 deaths per 100,000 per week trigger",0.75,5.76212,2881060,160624,577,4648,1340,776,216
"Korea, Rep.",3,"0.2 deaths per 100,000 per week trigger",0.75,102.538366,51269183,3900608,17913,112810,34189,23681,6673
Moldova,3,"0.2 deaths per 100,000 per week trigger",0.75,8.067926,4033963,162118,592,4111,1185,784,202
Réunion,3,"0.2 deaths per 100,000 per week trigger",0.75,1.790616,895308,41543,181,982,290,242,64
Romania,3,"0.2 deaths per 100,000 per week trigger",0.75,38.475364,19237682,669290,3055,19101,5441,4231,1098
Russian Federation,3,"0.2 deaths per 100,000 per week trigger",0.75,291.86892,145934460,12135910,50698,326886,98593,68903,19023
Rwanda,3,"0.2 deaths per 100,000 per week trigger",0.75,25.904418,12952209,1513443,4145,28570,8837,5631,1588
St. Lucia,3,"0.2 deaths per 100,000 per week trigger",0.75,0.367258,183629,13935,58,328,101,77,21
St. Vincent and the Grenadines,3,"0.2 deaths per 100,000 per week trigger",0.75,0.221894,110947,8052,31,178,54,41,11
Samoa,3,"0.2 deaths per 100,000 per week trigger",0.75,0.39682,198410,12337,45,313,89,60,16
Sao Tome and Principe,3,"0.2 deaths per 100,000 per week trigger",0.75,0.438322,219161,25564,73,475,148,97,28
Saudi Arabia,3,"0.2 deaths per 100,000 per week trigger",0.75,69.627734,34813867,1668281,6500,47726,13281,8643,2216
Senegal,3,"0.2 deaths per 100,000 per week trigger",0.75,33.48786,16743930,1011591,2814,18669,5416,3706,971
Serbia,3,"0.2 deaths per 100,000 per week trigger",0.75,17.47474,8737370,539924,2423,14674,4361,3243,875
Seychelles,3,"0.2 deaths per 100,000 per week trigger",0.75,0.19668,98340,5777,29,165,48,39,10
Sierra Leone,3,"0.2 deaths per 100,000 per week trigger",0.75,15.95397,7976985,478061,1337,8881,2532,1772,457
Singapore,3,"0.2 deaths per 100,000 per week trigger",0.75,11.700686,5850343,165717,1641,8120,2232,2137,520
Slovakia,3,"0.2 deaths per 100,000 per week trigger",0.75,10.919286,5459643,408089,1763,11182,3323,2323,612
Slovenia,3,"0.2 deaths per 100,000 per week trigger",0.75,4.157864,2078932,73220,364,2122,605,473,125
Solomon Islands,3,"0.2 deaths per 100,000 per week trigger",0.75,1.373756,686878,49173,167,1168,343,218,59
Somalia,3,"0.2 deaths per 100,000 per week trigger",0.75,31.786438,15893219,1706656,4554,29880,9279,5979,1737
South Africa,3,"0.2 deaths per 100,000 per week trigger",0.75,118.61738,59308690,3961213,15438,106575,30600,20263,5362
South Sudan,3,"0.2 deaths per 100,000 per week trigger",0.75,22.387458,11193729,763103,2197,14264,4073,2891,790
Spain,3,"0.2 deaths per 100,000 per week trigger",0.75,93.509566,46754783,3300993,17058,97423,29353,22367,6118
Sri Lanka,3,"0.2 deaths per 100,000 per week trigger",0.75,42.8265,21413250,1253461,6961,37859,10936,9201,2452
State of Palestine,3,"0.2 deaths per 100,000 per week trigger",0.75,10.202832,5101416,306610,990,7193,2088,1318,357
Sudan,3,"0.2 deaths per 100,000 per week trigger",0.75,87.698538,43849269,4131092,12370,80003,23867,16327,4413
Suriname,3,"0.2 deaths per 100,000 per week trigger",0.75,1.173268,586634,58455,185,1137,352,243,69
Sweden,3,"0.2 deaths per 100,000 per week trigger",0.75,20.19854,10099270,701216,3395,19513,5791,4570,1203
Switzerland,3,"0.2 deaths per 100,000 per week trigger",0.75,17.309236,8654618,431744,2053,12306,3535,2772,727
Syrian Arab Republic,3,"0.2 deaths per 100,000 per week trigger",0.75,35.001314,17500657,1203371,4190,26658,7701,5687,1543
Tajikistan,3,"0.2 deaths per 100,000 per week trigger",0.75,19.075284,9537642,839624,1931,15234,4524,2503,676
Thailand,3,"0.2 deaths per 100,000 per week trigger",0.75,139.599956,69799978,3191552,17059,106881,30464,22552,5902
Timor-Leste,3,"0.2 deaths per 100,000 per week trigger",0.75,2.636884,1318442,105737,350,2494,747,470,130
Togo,3,"0.2 deaths per 100,000 per week trigger",0.75,16.557474,8278737,827218,2251,15316,4608,2961,836
Tonga,3,"0.2 deaths per 100,000 per week trigger",0.75,0.211394,105697,6215,23,156,45,31,8
Trinidad and Tobago,3,"0.2 deaths per 100,000 per week trigger",0.75,2.798982,1399491,125306,526,3013,945,709,195
Tunisia,3,"0.2 deaths per 100,000 per week trigger",0.75,23.637236,11818618,548760,2727,15231,4282,3546,903
Turkey,3,"0.2 deaths per 100,000 per week trigger",0.75,168.678134,84339067,10571366,34178,238983,75631,44539,12891
Turkmenistan,3,"0.2 deaths per 100,000 per week trigger",0.75,12.062374,6031187,582026,1531,11520,3396,2021,562
Uganda,3,"0.2 deaths per 100,000 per week trigger",0.75,91.482,45741000,6292587,14564,102499,33009,19271,5752
Ukraine,3,"0.2 deaths per 100,000 per week trigger",0.75,87.467518,43733759,2725250,12202,75679,22250,15891,4292
United Arab Emirates,3,"0.2 deaths per 100,000 per week trigger",0.75,19.7808,9890400,786349,2664,22326,6620,3579,1041
United Kingdom,3,"0.2 deaths per 100,000 per week trigger",0.75,135.772008,67886004,3805866,21825,117324,34153,28865,7386
Tanzania,3,"0.2 deaths per 100,000 per week trigger",0.75,119.468426,59734213,7095696,18589,125484,39275,24781,7153
United States,3,"0.2 deaths per 100,000 per week trigger",0.75,662.005294,331002647,16267291,84124,481013,135695,112144,28632
United States Virgin Islands,3,"0.2 deaths per 100,000 per week trigger",0.75,0.208846,104423,6426,39,185,56,51,14
Uruguay,3,"0.2 deaths per 100,000 per week trigger",0.75,6.947454,3473727,237372,1209,5944,1830,1611,438
Uzbekistan,3,"0.2 deaths per 100,000 per week trigger",0.75,66.938398,33469199,2422678,6356,48914,14025,8573,2385
Vanuatu,3,"0.2 deaths per 100,000 per week trigger",0.75,0.6143,307150,17754,61,431,121,80,21
Venezuela (Bolivarian Republic of),3,"0.2 deaths per 100,000 per week trigger",0.75,56.871886,28435943,1930068,6081,37577,11208,8053,2124
Vietnam,3,"0.2 deaths per 100,000 per week trigger",0.75,194.677166,97338583,5574980,25994,166984,48139,34180,9077
Western Sahara,3,"0.2 deaths per 100,000 per week trigger",0.75,1.19466,597330,55077,170,1216,360,223,62
Yemen,3,"0.2 deaths per 100,000 per week trigger",0.75,59.651936,29825968,2516141,6630,45759,13635,9107,2504
Zambia,3,"0.2 deaths per 100,000 per week trigger",0.75,36.767912,18383956,2181808,5234,36604,11360,7024,2070
Zimbabwe,3,"0.2 deaths per 100,000 per week trigger",0.75,29.725854,14862927,1600768,4462,28960,8890,5826,1640
Afghanistan,3,"1.6 deaths per 100,000 per week trigger",0.75,622.853456,38928341,12492541,35740,231028,93549,46671,17463
Albania,3,"1.6 deaths per 100,000 per week trigger",0.75,46.0448,2877800,791708,3678,22518,9011,4908,1772
Algeria,3,"1.6 deaths per 100,000 per week trigger",0.75,701.616688,43851043,11844178,51775,335362,129273,68660,23767
Angola,3,"1.6 deaths per 100,000 per week trigger",0.75,525.860288,32866268,14015899,32104,228330,101100,42628,17255
Antigua and Barbuda,3,"1.6 deaths per 100,000 per week trigger",0.75,1.566848,97928,16595,67,388,139,87,29
Argentina,3,"1.6 deaths per 100,000 per week trigger",0.75,723.132432,45195777,10771885,47284,252448,98319,63057,22150
Armenia,3,"1.6 deaths per 100,000 per week trigger",0.75,47.411744,2963234,882093,3757,23823,9476,5010,1809
Aruba,3,"1.6 deaths per 100,000 per week trigger",0.75,1.708256,106766,24558,137,728,290,180,65
Australia,3,"1.6 deaths per 100,000 per week trigger",0.75,407.998096,25499881,6364134,30453,178754,68468,40158,13846
Austria,3,"1.6 deaths per 100,000 per week trigger",0.75,144.1024,9006400,1787891,9925,56037,20875,13144,4403
Azerbaijan,3,"1.6 deaths per 100,000 per week trigger",0.75,162.2268,10139175,3751721,12999,92747,38780,17181,6550
Bahamas,3,"1.6 deaths per 100,000 per week trigger",0.75,6.291968,393248,129218,505,3078,1301,662,256
Bahrain,3,"1.6 deaths per 100,000 per week trigger",0.75,27.225328,1701583,653420,2256,18215,7711,2974,1189
Bangladesh,3,"1.6 deaths per 100,000 per week trigger",0.75,2635.030128,164689383,47869670,197281,1198445,461468,264277,94005
Barbados,3,"1.6 deaths per 100,000 per week trigger",0.75,4.597936,287371,74457,479,2325,973,642,238
Belarus,3,"1.6 deaths per 100,000 per week trigger",0.75,151.189136,9449321,2857561,14226,86703,35254,18898,6871
Belgium,3,"1.6 deaths per 100,000 per week trigger",0.75,185.433856,11589616,3062489,21190,113802,43671,28298,9692
Belize,3,"1.6 deaths per 100,000 per week trigger",0.75,6.361936,397621,144480,432,2726,1167,566,222
Benin,3,"1.6 deaths per 100,000 per week trigger",0.75,193.971168,12123198,3863962,10842,71305,28402,14447,5238
Bhutan,3,"1.6 deaths per 100,000 per week trigger",0.75,12.345792,771612,168830,741,4252,1517,975,316
Bolivia,3,"1.6 deaths per 100,000 per week trigger",0.75,186.768464,11673029,3074798,10069,59263,23009,13566,4716
Bosnia and Herzegovina,3,"1.6 deaths per 100,000 per week trigger",0.75,52.49304,3280815,676479,3414,20763,7701,4539,1536
Botswana,3,"1.6 deaths per 100,000 per week trigger",0.75,37.626,2351625,780948,2573,16672,6659,3406,1241
Brazil,3,"1.6 deaths per 100,000 per week trigger",0.75,3400.950544,212559409,49599016,206087,1182457,460361,272916,97044
Brunei Darussalam,3,"1.6 deaths per 100,000 per week trigger",0.75,6.999728,437483,151838,659,4520,1832,869,327
Bulgaria,3,"1.6 deaths per 100,000 per week trigger",0.75,111.17512,6948445,1266255,6892,39682,14341,9113,2961
Burkina Faso,3,"1.6 deaths per 100,000 per week trigger",0.75,334.452448,20903278,7192476,17149,121390,49519,22848,8596
Burundi,3,"1.6 deaths per 100,000 per week trigger",0.75,190.252496,11890781,5194180,12284,85246,37615,16039,6586
Cabo Verde,3,"1.6 deaths per 100,000 per week trigger",0.75,8.895808,555988,198436,754,4596,1884,978,367
Cambodia,3,"1.6 deaths per 100,000 per week trigger",0.75,267.503536,16718971,5379295,20144,139277,56525,26309,9888
Cameroon,3,"1.6 deaths per 100,000 per week trigger",0.75,424.733824,26545864,10545849,26251,183822,78484,34822,13670
Canada,3,"1.6 deaths per 100,000 per week trigger",0.75,603.874512,37742157,7547937,45828,250266,91140,61084,20043
Central African Republic,3,"1.6 deaths per 100,000 per week trigger",0.75,77.276224,4829764,1580702,4035,27236,10937,5392,1983
Chad,3,"1.6 deaths per 100,000 per week trigger",0.75,262.813744,16425859,7074291,16469,113850,50849,21889,9052
Channel Islands,3,"1.6 deaths per 100,000 per week trigger",0.75,2.781744,173859,47063,256,1471,592,340,121
Chile,3,"1.6 deaths per 100,000 per week trigger",0.75,305.859344,19116209,4898942,24532,131122,53701,32685,11912
China,3,"1.6 deaths per 100,000 per week trigger",0.75,23029.18038,1439323774,380818659,2130919,13249047,4980780,2800348,949378
"Hong Kong SAR, China",3,"1.6 deaths per 100,000 per week trigger",0.75,119.951808,7496988,840739,9863,44260,14154,13147,3627
"Macao SAR, China",3,"1.6 deaths per 100,000 per week trigger",0.75,10.389472,649342,153824,913,5637,2061,1196,394
"China, Taiwan Province of China",3,"1.6 deaths per 100,000 per week trigger",0.75,381.0684,23816775,5556825,35834,208541,76920,47263,15469
Colombia,3,"1.6 deaths per 100,000 per week trigger",0.75,814.126144,50882884,9396845,35399,207846,75289,47565,15888
Comoros,3,"1.6 deaths per 100,000 per week trigger",0.75,13.91352,869595,307732,846,5788,2365,1121,426
"Congo, Rep.",3,"1.6 deaths per 100,000 per week trigger",0.75,88.289472,5518092,1838083,4813,33729,13567,6384,2366
Costa Rica,3,"1.6 deaths per 100,000 per week trigger",0.75,81.505824,5094114,1230399,5414,30053,11874,7166,2549
Cote d'Ivoire,3,"1.6 deaths per 100,000 per week trigger",0.75,422.0524,26378275,10180735,26328,181242,76759,34727,13706
Croatia,3,"1.6 deaths per 100,000 per week trigger",0.75,65.684288,4105268,1124214,6799,37028,15101,8977,3253
Cuba,3,"1.6 deaths per 100,000 per week trigger",0.75,181.225856,11326616,2672000,16875,84833,34586,22555,8152
Curacao,3,"1.6 deaths per 100,000 per week trigger",0.75,2.6256,164100,29401,181,890,333,242,81
Cyprus,3,"1.6 deaths per 100,000 per week trigger",0.75,19.317776,1207361,345825,1575,9775,3926,2110,766
Czechia,3,"1.6 deaths per 100,000 per week trigger",0.75,171.343712,10708982,2121329,10909,64506,23910,14468,4853
"Korea, Dem. People’s Rep.",3,"1.6 deaths per 100,000 per week trigger",0.75,412.46104,25778815,8429296,44555,276117,110979,58064,21202
"Congo, Dem. Rep.",3,"1.6 deaths per 100,000 per week trigger",0.75,1432.982464,89561404,28893669,76526,507173,203394,101773,37361
Denmark,3,"1.6 deaths per 100,000 per week trigger",0.75,92.675248,5792203,1705374,9853,53966,22362,13079,4799
Djibouti,3,"1.6 deaths per 100,000 per week trigger",0.75,15.808032,988002,338221,1189,7682,3108,1580,588
Dominican Republic,3,"1.6 deaths per 100,000 per week trigger",0.75,173.566464,10847904,3283642,11722,68431,27936,15264,5641
Ecuador,3,"1.6 deaths per 100,000 per week trigger",0.75,282.28896,17643060,4848509,16951,100219,39984,22497,8064
Egypt,3,"1.6 deaths per 100,000 per week trigger",0.75,1637.350448,102334403,37489323,139958,858847,358534,184412,70038
El Salvador,3,"1.6 deaths per 100,000 per week trigger",0.75,103.779216,6486201,1827341,6837,38772,15624,9006,3267
Equatorial Guinea,3,"1.6 deaths per 100,000 per week trigger",0.75,22.44776,1402985,621768,1460,10889,4834,1945,798
Eritrea,3,"1.6 deaths per 100,000 per week trigger",0.75,56.742832,3546427,1155789,3699,22669,9046,4934,1802
Estonia,3,"1.6 deaths per 100,000 per week trigger",0.75,21.224624,1326539,363654,2083,11480,4646,2789,1000
Eswatini,3,"1.6 deaths per 100,000 per week trigger",0.75,18.562624,1160164,368473,1134,7068,2788,1483,537
Ethiopia,3,"1.6 deaths per 100,000 per week trigger",0.75,1839.417328,114963583,46677790,135203,866170,374982,176975,69858
Fiji,3,"1.6 deaths per 100,000 per week trigger",0.75,14.343104,896444,271813,1126,7624,2996,1487,537
Finland,3,"1.6 deaths per 100,000 per week trigger",0.75,88.651488,5540718,1288219,7089,42430,16083,9455,3211
France,3,"1.6 deaths per 100,000 per week trigger",0.75,1044.376192,65273512,13733534,114526,555458,201193,153311,49037
French Guiana,3,"1.6 deaths per 100,000 per week trigger",0.75,4.778912,298682,145604,456,2980,1387,610,259
French Polynesia,3,"1.6 deaths per 100,000 per week trigger",0.75,4.494464,280904,77910,382,2440,931,504,173
Gabon,3,"1.6 deaths per 100,000 per week trigger",0.75,35.611648,2225728,684128,2041,13636,5360,2705,978
Gambia,3,"1.6 deaths per 100,000 per week trigger",0.75,38.666624,2416664,1014433,2430,17068,7485,3221,1307
Georgia,3,"1.6 deaths per 100,000 per week trigger",0.75,63.8268,3989175,924779,4251,25739,9726,5629,1910
Germany,3,"1.6 deaths per 100,000 per week trigger",0.75,1340.54312,83783945,19939326,148683,775379,291551,196038,65909
Ghana,3,"1.6 deaths per 100,000 per week trigger",0.75,497.16712,31072945,13380089,37539,261535,114101,49481,19926
Greece,3,"1.6 deaths per 100,000 per week trigger",0.75,166.768896,10423056,1842494,10957,59315,21621,14582,4703
Grenada,3,"1.6 deaths per 100,000 per week trigger",0.75,1.800304,112519,24762,102,577,222,136,47
Guadeloupe,3,"1.6 deaths per 100,000 per week trigger",0.75,6.402032,400127,81345,557,2568,999,737,250
Guam,3,"1.6 deaths per 100,000 per week trigger",0.75,2.700528,168783,45242,227,1396,533,303,104
Guatemala,3,"1.6 deaths per 100,000 per week trigger",0.75,286.649072,17915567,6988370,19902,122558,53516,26038,10274
Guinea,3,"1.6 deaths per 100,000 per week trigger",0.75,210.124672,13132792,5031293,13072,88026,37264,17235,6691
Guinea-Bissau,3,"1.6 deaths per 100,000 per week trigger",0.75,31.487968,1967998,713806,1838,12684,5267,2429,935
Guyana,3,"1.6 deaths per 100,000 per week trigger",0.75,12.584944,786559,257585,887,5376,2241,1188,450
Haiti,3,"1.6 deaths per 100,000 per week trigger",0.75,182.440528,11402533,4898851,14297,90639,40742,18858,7735
Honduras,3,"1.6 deaths per 100,000 per week trigger",0.75,158.473728,9904608,3025648,8515,53725,21712,11320,4192
Hungary,3,"1.6 deaths per 100,000 per week trigger",0.75,154.5656,9660350,3438229,20378,114235,50010,26997,10707
Iceland,3,"1.6 deaths per 100,000 per week trigger",0.75,5.46,341250,103217,496,2932,1191,657,242
India,3,"1.6 deaths per 100,000 per week trigger",0.75,22080.07016,1380004385,468704827,2085532,12362838,4974364,2783469,1007196
Indonesia,3,"1.6 deaths per 100,000 per week trigger",0.75,4376.377936,273523621,78845604,339539,2271395,871351,447211,155293
Iran (Islamic Republic of),3,"1.6 deaths per 100,000 per week trigger",0.75,1343.887248,83992953,33682850,152376,1005480,432018,200130,78533
Iraq,3,"1.6 deaths per 100,000 per week trigger",0.75,643.560048,40222503,10036401,32114,232132,88687,42873,15055
Ireland,3,"1.6 deaths per 100,000 per week trigger",0.75,79.004736,4937796,1455362,6500,40200,15961,8666,3087
Israel,3,"1.6 deaths per 100,000 per week trigger",0.75,138.488656,8655541,2860327,11521,69964,28771,15296,5629
Italy,3,"1.6 deaths per 100,000 per week trigger",0.75,967.389248,60461828,17264552,131378,672505,286619,174750,65997
Jamaica,3,"1.6 deaths per 100,000 per week trigger",0.75,47.378576,2961161,509114,1930,11144,3980,2581,832
Japan,3,"1.6 deaths per 100,000 per week trigger",0.75,2023.623328,126476458,20610477,143380,712619,261598,189285,60886
Jordan,3,"1.6 deaths per 100,000 per week trigger",0.75,163.25024,10203140,3097101,10769,76567,30458,14487,5258
Kazakhstan,3,"1.6 deaths per 100,000 per week trigger",0.75,300.427312,18776707,6503419,22379,153002,62429,29560,10737
Kenya,3,"1.6 deaths per 100,000 per week trigger",0.75,860.3408,53771300,23561108,57613,417515,182519,76014,30682
Kiribati,3,"1.6 deaths per 100,000 per week trigger",0.75,1.911136,119446,41719,148,1038,435,196,76
Kuwait,3,"1.6 deaths per 100,000 per week trigger",0.75,68.329008,4270563,1315322,5133,40669,16094,6858,2575
Kyrgyz Republic,3,"1.6 deaths per 100,000 per week trigger",0.75,104.387056,6524191,1828711,5026,37454,14246,6582,2315
Lao PDR,3,"1.6 deaths per 100,000 per week trigger",0.75,116.408896,7275556,2746538,9767,68221,29128,12921,5041
Latvia,3,"1.6 deaths per 100,000 per week trigger",0.75,30.179232,1886202,522127,3102,17072,6972,4132,1511
Lebanon,3,"1.6 deaths per 100,000 per week trigger",0.75,109.207072,6825442,1850338,8260,53921,20498,11106,3841
Lesotho,3,"1.6 deaths per 100,000 per week trigger",0.75,34.276032,2142252,808346,2883,17652,7428,3763,1441
Liberia,3,"1.6 deaths per 100,000 per week trigger",0.75,80.922832,5057677,1746870,4963,32778,13278,6585,2442
Libya,3,"1.6 deaths per 100,000 per week trigger",0.75,109.940592,6871287,2158800,8438,59047,23392,11109,4072
Lithuania,3,"1.6 deaths per 100,000 per week trigger",0.75,43.556656,2722291,708891,4344,23384,9399,5732,2035
Luxembourg,3,"1.6 deaths per 100,000 per week trigger",0.75,10.015616,625976,200400,966,6079,2480,1277,471
Madagascar,3,"1.6 deaths per 100,000 per week trigger",0.75,443.056304,27691019,8699415,24189,161533,63620,31637,11463
Malawi,3,"1.6 deaths per 100,000 per week trigger",0.75,306.07928,19129955,8072850,19646,136616,59517,26389,10661
Malaysia,3,"1.6 deaths per 100,000 per week trigger",0.75,517.855968,32365998,9817405,42814,286865,112648,57535,20674
Maldives,3,"1.6 deaths per 100,000 per week trigger",0.75,8.648672,540542,182826,671,4374,1786,891,335
Mali,3,"1.6 deaths per 100,000 per week trigger",0.75,324.013344,20250834,10462673,23986,168237,78644,31680,13616
Malta,3,"1.6 deaths per 100,000 per week trigger",0.75,7.064624,441539,120540,708,3900,1588,929,343
Martinique,3,"1.6 deaths per 100,000 per week trigger",0.75,6.00424,375265,84017,674,2980,1213,892,323
Mauritania,3,"1.6 deaths per 100,000 per week trigger",0.75,74.39456,4649660,1810801,5092,34416,14634,6713,2636
Mauritius,3,"1.6 deaths per 100,000 per week trigger",0.75,20.348272,1271767,325976,2102,11072,4242,2782,962
Mayotte,3,"1.6 deaths per 100,000 per week trigger",0.75,4.365008,272813,75183,244,1502,572,324,112
Mexico,3,"1.6 deaths per 100,000 per week trigger",0.75,2062.924048,128932753,49765567,187758,1108957,491253,249163,100129
Micronesia (Fed. States of),3,"1.6 deaths per 100,000 per week trigger",0.75,1.840336,115021,32245,114,827,321,151,54
Mongolia,3,"1.6 deaths per 100,000 per week trigger",0.75,52.452672,3278292,911590,3555,25239,9742,4762,1683
Montenegro,3,"1.6 deaths per 100,000 per week trigger",0.75,10.048992,628062,138564,638,3886,1440,838,277
Morocco,3,"1.6 deaths per 100,000 per week trigger",0.75,590.568928,36910558,10337466,46280,301345,115969,61940,21722
Mozambique,3,"1.6 deaths per 100,000 per week trigger",0.75,500.08696,31255435,11654408,29794,200397,83860,39646,15407
Myanmar,3,"1.6 deaths per 100,000 per week trigger",0.75,870.556704,54409794,13282160,55193,375585,137153,72825,24079
Namibia,3,"1.6 deaths per 100,000 per week trigger",0.75,40.654656,2540916,934800,2801,18451,7656,3736,1442
Nepal,3,"1.6 deaths per 100,000 per week trigger",0.75,466.188928,29136808,8087491,33206,195807,74733,44005,15224
Netherlands,3,"1.6 deaths per 100,000 per week trigger",0.75,274.157968,17134873,4822256,28186,153919,63083,36820,13330
New Caledonia,3,"1.6 deaths per 100,000 per week trigger",0.75,4.567856,285491,73813,365,2318,861,480,162
New Zealand,3,"1.6 deaths per 100,000 per week trigger",0.75,77.155728,4822233,1504573,7540,43708,18047,9942,3687
Nicaragua,3,"1.6 deaths per 100,000 per week trigger",0.75,105.992864,6624554,2541675,7924,50030,21816,10694,4282
Niger,3,"1.6 deaths per 100,000 per week trigger",0.75,387.306176,24206636,9736065,23313,158619,68760,31259,12516
Nigeria,3,"1.6 deaths per 100,000 per week trigger",0.75,3298.233392,206139587,87600110,218632,1542718,674293,288977,115582
North Macedonia,3,"1.6 deaths per 100,000 per week trigger",0.75,33.33408,2083380,633931,2925,18484,7560,3837,1418
Norway,3,"1.6 deaths per 100,000 per week trigger",0.75,86.739872,5421242,1510276,7688,44934,17982,10259,3653
Oman,3,"1.6 deaths per 100,000 per week trigger",0.75,81.705952,5106622,1412685,4706,37427,14435,6239,2257
Pakistan,3,"1.6 deaths per 100,000 per week trigger",0.75,3534.277296,220892331,87105522,314407,1932753,819897,419187,163085
Panama,3,"1.6 deaths per 100,000 per week trigger",0.75,69.036288,4314768,1759545,7196,40520,18306,9535,3864
Papua New Guinea,3,"1.6 deaths per 100,000 per week trigger",0.75,143.152432,8947027,3072306,10103,73535,30874,13435,5216
Paraguay,3,"1.6 deaths per 100,000 per week trigger",0.75,114.12048,7132530,2098906,6665,40521,16375,8885,3245
Peru,3,"1.6 deaths per 100,000 per week trigger",0.75,527.549536,32971846,9560177,37133,216767,88846,49768,18502
Philippines,3,"1.6 deaths per 100,000 per week trigger",0.75,1753.29736,109581085,44116068,174749,1165647,506571,232263,92070
Poland,3,"1.6 deaths per 100,000 per week trigger",0.75,605.54568,37846605,11316780,67077,385822,160137,89055,33131
Portugal,3,"1.6 deaths per 100,000 per week trigger",0.75,163.147312,10196707,1846189,11241,60362,22227,14863,4859
Puerto Rico,3,"1.6 deaths per 100,000 per week trigger",0.75,45.77344,2860840,716435,5468,24767,10349,7274,2667
Qatar,3,"1.6 deaths per 100,000 per week trigger",0.75,46.09696,2881060,952384,2867,26130,10808,3807,1499
"Korea, Rep.",3,"1.6 deaths per 100,000 per week trigger",0.75,820.306928,51269183,12655406,64648,400012,157307,85863,30487
Moldova,3,"1.6 deaths per 100,000 per week trigger",0.75,64.543408,4033963,1333725,5796,38274,15891,7718,2928
Réunion,3,"1.6 deaths per 100,000 per week trigger",0.75,14.324928,895308,288127,1481,7820,3366,1967,750
Romania,3,"1.6 deaths per 100,000 per week trigger",0.75,307.802912,19237682,5141228,28083,160083,64085,36952,13208
Russian Federation,3,"1.6 deaths per 100,000 per week trigger",0.75,2334.95136,145934460,43066149,211955,1273264,515820,277334,100308
Rwanda,3,"1.6 deaths per 100,000 per week trigger",0.75,207.235344,12952209,4981005,13651,93194,39061,17936,6917
St. Lucia,3,"1.6 deaths per 100,000 per week trigger",0.75,2.938064,183629,63176,307,1702,753,406,160
St. Vincent and the Grenadines,3,"1.6 deaths per 100,000 per week trigger",0.75,1.775152,110947,44264,206,1143,519,276,112
Samoa,3,"1.6 deaths per 100,000 per week trigger",0.75,3.17456,198410,56163,211,1419,559,281,100
Sao Tome and Principe,3,"1.6 deaths per 100,000 per week trigger",0.75,3.506576,219161,70421,196,1301,519,261,96
Saudi Arabia,3,"1.6 deaths per 100,000 per week trigger",0.75,557.021872,34813867,10412730,39636,293921,114254,52456,19165
Senegal,3,"1.6 deaths per 100,000 per week trigger",0.75,267.90288,16743930,6983707,18625,124689,54139,24771,9865
Serbia,3,"1.6 deaths per 100,000 per week trigger",0.75,139.79792,8737370,2722900,14629,84750,35427,19445,7287
Seychelles,3,"1.6 deaths per 100,000 per week trigger",0.75,1.57344,98340,20906,107,610,218,142,46
Sierra Leone,3,"1.6 deaths per 100,000 per week trigger",0.75,127.63176,7976985,3534860,9281,63787,28233,12224,5011
Singapore,3,"1.6 deaths per 100,000 per week trigger",0.75,93.605488,5850343,1027101,9910,49767,16923,13209,4001
Slovakia,3,"1.6 deaths per 100,000 per week trigger",0.75,87.354288,5459643,1344414,6509,39972,15358,8559,2945
Slovenia,3,"1.6 deaths per 100,000 per week trigger",0.75,33.262912,2078932,570306,3349,18702,7607,4464,1622
Solomon Islands,3,"1.6 deaths per 100,000 per week trigger",0.75,10.990048,686878,242602,800,5583,2389,1052,411
Somalia,3,"1.6 deaths per 100,000 per week trigger",0.75,254.291504,15893219,5726111,14627,97410,40464,19490,7383
South Africa,3,"1.6 deaths per 100,000 per week trigger",0.75,948.93904,59308690,22629957,90469,613931,260261,119747,46365
South Sudan,3,"1.6 deaths per 100,000 per week trigger",0.75,179.099664,11193729,4922092,13802,90694,39857,18298,7310
Spain,3,"1.6 deaths per 100,000 per week trigger",0.75,748.076528,46754783,12582820,73562,410392,164857,97540,34706
Sri Lanka,3,"1.6 deaths per 100,000 per week trigger",0.75,342.612,21413250,4552508,25691,141159,50109,34366,11064
State of Palestine,3,"1.6 deaths per 100,000 per week trigger",0.75,81.622656,5101416,1613193,5030,36311,14984,6576,2490
Sudan,3,"1.6 deaths per 100,000 per week trigger",0.75,701.588304,43849269,16504567,48953,316627,132346,64581,24863
Suriname,3,"1.6 deaths per 100,000 per week trigger",0.75,9.386144,586634,210422,755,4585,1968,999,388
Sweden,3,"1.6 deaths per 100,000 per week trigger",0.75,161.58832,10099270,2578740,14518,79040,31355,19166,6792
Switzerland,3,"1.6 deaths per 100,000 per week trigger",0.75,138.473888,8654618,1859838,10111,58160,22150,13603,4592
Syrian Arab Republic,3,"1.6 deaths per 100,000 per week trigger",0.75,280.010512,17500657,4771873,17075,106850,40457,22562,7859
Tajikistan,3,"1.6 deaths per 100,000 per week trigger",0.75,152.602272,9537642,4314552,10643,81607,36226,14183,5823
Thailand,3,"1.6 deaths per 100,000 per week trigger",0.75,1116.799648,69799978,15777357,90286,552896,200500,121120,39245
Timor-Leste,3,"1.6 deaths per 100,000 per week trigger",0.75,21.095072,1318442,406722,1364,9453,3862,1823,683
Togo,3,"1.6 deaths per 100,000 per week trigger",0.75,132.459792,8278737,2976242,7758,54533,22429,10369,3987
Tonga,3,"1.6 deaths per 100,000 per week trigger",0.75,1.691152,105697,39901,157,1017,439,210,82
Trinidad and Tobago,3,"1.6 deaths per 100,000 per week trigger",0.75,22.391856,1399491,405172,1928,10845,4544,2549,972
Tunisia,3,"1.6 deaths per 100,000 per week trigger",0.75,189.097888,11818618,3001658,15612,87058,32726,20619,6892
Turkey,3,"1.6 deaths per 100,000 per week trigger",0.75,1349.425072,84339067,24774436,85866,594628,231456,115485,40479
Turkmenistan,3,"1.6 deaths per 100,000 per week trigger",0.75,96.498992,6031187,1973188,5635,41229,16402,7327,2718
Uganda,3,"1.6 deaths per 100,000 per week trigger",0.75,731.856,45741000,15324598,33823,242183,98691,44597,16711
Ukraine,3,"1.6 deaths per 100,000 per week trigger",0.75,699.740144,43733759,11824017,59515,358385,141122,78963,27959
United Arab Emirates,3,"1.6 deaths per 100,000 per week trigger",0.75,158.2464,9890400,3469776,9932,92733,38971,12988,5183
United Kingdom,3,"1.6 deaths per 100,000 per week trigger",0.75,1086.176064,67886004,19009388,120735,640236,254138,160995,56851
Tanzania,3,"1.6 deaths per 100,000 per week trigger",0.75,955.747408,59734213,31069326,75749,532710,248742,100798,43642
United States,3,"1.6 deaths per 100,000 per week trigger",0.75,5296.042352,331002647,82980824,474227,2605123,997609,627962,213248
United States Virgin Islands,3,"1.6 deaths per 100,000 per week trigger",0.75,1.670768,104423,24863,170,800,323,225,81
Uruguay,3,"1.6 deaths per 100,000 per week trigger",0.75,55.579632,3473727,742688,4098,20042,7826,5519,1903
Uzbekistan,3,"1.6 deaths per 100,000 per week trigger",0.75,535.507184,33469199,13805024,40299,300361,129338,53229,20813
Vanuatu,3,"1.6 deaths per 100,000 per week trigger",0.75,4.9144,307150,104326,346,2445,1029,458,178
Venezuela (Bolivarian Republic of),3,"1.6 deaths per 100,000 per week trigger",0.75,454.975088,28435943,10936165,40968,244006,107440,54533,21667
Vietnam,3,"1.6 deaths per 100,000 per week trigger",0.75,1557.417328,97338583,24722462,120476,762331,283435,157620,52796
Western Sahara,3,"1.6 deaths per 100,000 per week trigger",0.75,9.55728,597330,202349,625,4533,1818,826,306
Yemen,3,"1.6 deaths per 100,000 per week trigger",0.75,477.215488,29825968,10843028,28558,195614,80940,38103,14577
Zambia,3,"1.6 deaths per 100,000 per week trigger",0.75,294.143296,18383956,7825201,17377,125150,54947,23019,9356
Zimbabwe,3,"1.6 deaths per 100,000 per week trigger",0.75,237.806832,14862927,5670689,14960,100576,42104,19899,7677
